, , , Query 1, , , , , , Query 2, , , , , , Query 3, , , , , , Query 4, , , , , , Query 5, , , , , , Query 6, , , , , , Query 7, , , , , , Query 8, , , , , , Query 9Query 10
alpha, beta, gamma, precision@10, patternPrecision@10, recall@10, patternRecall@10, F-measure@2.0, R-precision, pattern-R-precision, precision@10, patternPrecision@10, recall@10, patternRecall@10, F-measure@2.0, R-precision, pattern-R-precision, precision@10, patternPrecision@10, recall@10, patternRecall@10, F-measure@2.0, R-precision, pattern-R-precision, precision@10, patternPrecision@10, recall@10, patternRecall@10, F-measure@2.0, R-precision, pattern-R-precision, precision@10, patternPrecision@10, recall@10, patternRecall@10, F-measure@2.0, R-precision, pattern-R-precision, precision@10, patternPrecision@10, recall@10, patternRecall@10, F-measure@2.0, R-precision, pattern-R-precision, precision@10, patternPrecision@10, recall@10, patternRecall@10, F-measure@2.0, R-precision, pattern-R-precision, precision@10, patternPrecision@10, recall@10, patternRecall@10, F-measure@2.0, R-precision, pattern-R-precision, precision@10, patternPrecision@10, recall@10, patternRecall@10, F-measure@2.0, R-precision, pattern-R-precision, precision@10, patternPrecision@10, recall@10, patternRecall@10, F-measure@2.0, R-precision, pattern-R-precision, Avg precision@10, Avg pattern precision@10, Avg recall@10, Avg pattern recall@10, Avg F-measure@2.0, Avg R-precision, Avg pattern-R-precision
0.0, 0.0, 1.0, 0.5, 0.0625, 0.8333333333333334, 1.0, 0.7352941176470589, 0.6666666666666666, 0.0, 0.2, 0.1111111111111111, 0.4, 1.0, 0.33333333333333337, 0.3, 0.0, 0.25, 0.08333333333333333, 0.38461538461538464, 1.0, 0.34722222222222227, 0.15384615384615385, 0.0, 0.0, 0.0, 0.0, 0.0, 0.0, 0.0, 0.0, 0.1, 0.07142857142857142, 1.0, 1.0, 0.35714285714285715, 0.0, 0.0, 0.1, 0.05263157894736842, 0.6666666666666666, 1.0, 0.3125, 0.3333333333333333, 0.0, 0.15, 0.058823529411764705, 0.6, 1.0, 0.375, 0.4, 0.0, 0.1, 0.0625, 0.6666666666666666, 1.0, 0.3125, 0.3333333333333333, 0.0, 0.4, 0.07142857142857142, 0.5, 1.0, 0.47619047619047616, 0.375, 0.0, 0.3, 0.1, 0.6, 1.0, 0.5, 0.5, 0.0, 0.21000000000000002, 0.06737566956607202, 0.565128205128205, 0.9, 0.3749183006535948, 0.3062179487179487, 0.0
0.0, 0.1, 0.9, 0.5, 0.0625, 0.8333333333333334, 1.0, 0.7352941176470589, 0.75, 0.0, 0.2, 0.14285714285714285, 0.4, 1.0, 0.33333333333333337, 0.3, 0.0, 0.15, 0.1111111111111111, 0.23076923076923078, 1.0, 0.20833333333333334, 0.15384615384615385, 0.0, 0.05, 0.07692307692307693, 1.0, 1.0, 0.20833333333333334, 0.0, 0.0, 0.1, 0.07142857142857142, 1.0, 1.0, 0.35714285714285715, 0.0, 0.0, 0.1, 0.05263157894736842, 0.6666666666666666, 1.0, 0.3125, 0.3333333333333333, 0.0, 0.15, 0.058823529411764705, 0.6, 1.0, 0.375, 0.4, 0.0, 0.05, 0.06666666666666667, 0.3333333333333333, 1.0, 0.15625, 0.3333333333333333, 0.0, 0.45, 0.06666666666666667, 0.5625, 1.0, 0.5357142857142858, 0.4375, 0.0, 0.35, 0.1111111111111111, 0.7, 1.0, 0.5833333333333334, 0.6, 0.0, 0.21000000000000002, 0.082071945512348, 0.6326602564102564, 1.0, 0.38052345938375354, 0.3308012820512821, 0.0
0.0, 0.2, 0.8, 0.5, 0.0625, 0.8333333333333334, 1.0, 0.7352941176470589, 0.75, 0.0, 0.2, 0.14285714285714285, 0.4, 1.0, 0.33333333333333337, 0.3, 0.0, 0.15, 0.1111111111111111, 0.23076923076923078, 1.0, 0.20833333333333334, 0.15384615384615385, 0.0, 0.05, 0.08333333333333333, 1.0, 1.0, 0.20833333333333334, 0.0, 0.0, 0.1, 0.07142857142857142, 1.0, 1.0, 0.35714285714285715, 0.0, 0.0, 0.1, 0.05263157894736842, 0.6666666666666666, 1.0, 0.3125, 0.3333333333333333, 0.0, 0.2, 0.058823529411764705, 0.8, 1.0, 0.5000000000000001, 0.4, 0.0, 0.05, 0.06666666666666667, 0.3333333333333333, 1.0, 0.15625, 0.3333333333333333, 0.0, 0.4, 0.06666666666666667, 0.5, 1.0, 0.47619047619047616, 0.375, 0.0, 0.35, 0.1111111111111111, 0.7, 1.0, 0.5833333333333334, 0.6, 0.0, 0.21000000000000002, 0.08271297115337364, 0.6464102564102564, 1.0, 0.38707107843137256, 0.3245512820512821, 0.0
0.0, 0.3, 0.7, 0.5, 0.0625, 0.8333333333333334, 1.0, 0.7352941176470589, 0.75, 0.0, 0.2, 0.14285714285714285, 0.4, 1.0, 0.33333333333333337, 0.3, 0.0, 0.15, 0.1111111111111111, 0.23076923076923078, 1.0, 0.20833333333333334, 0.15384615384615385, 0.0, 0.05, 0.07142857142857142, 1.0, 1.0, 0.20833333333333334, 0.0, 0.0, 0.1, 0.06666666666666667, 1.0, 1.0, 0.35714285714285715, 0.0, 0.0, 0.1, 0.0625, 0.6666666666666666, 1.0, 0.3125, 0.3333333333333333, 0.0, 0.2, 0.058823529411764705, 0.8, 1.0, 0.5000000000000001, 0.4, 0.0, 0.05, 0.06666666666666667, 0.3333333333333333, 1.0, 0.15625, 0.3333333333333333, 0.0, 0.4, 0.06666666666666667, 0.5, 1.0, 0.47619047619047616, 0.3125, 0.0, 0.35, 0.1111111111111111, 0.7, 1.0, 0.5833333333333334, 0.6, 0.0, 0.21000000000000002, 0.08203314659197011, 0.6464102564102564, 1.0, 0.38707107843137256, 0.3183012820512821, 0.0
0.0, 0.4, 0.6, 0.5, 0.0625, 0.8333333333333334, 1.0, 0.7352941176470589, 0.75, 0.0, 0.2, 0.14285714285714285, 0.4, 1.0, 0.33333333333333337, 0.3, 0.0, 0.15, 0.1111111111111111, 0.23076923076923078, 1.0, 0.20833333333333334, 0.15384615384615385, 0.0, 0.05, 0.07142857142857142, 1.0, 1.0, 0.20833333333333334, 0.0, 0.0, 0.1, 0.06666666666666667, 1.0, 1.0, 0.35714285714285715, 0.0, 0.0, 0.1, 0.058823529411764705, 0.6666666666666666, 1.0, 0.3125, 0.3333333333333333, 0.0, 0.2, 0.058823529411764705, 0.8, 1.0, 0.5000000000000001, 0.4, 0.0, 0.05, 0.06666666666666667, 0.3333333333333333, 1.0, 0.15625, 0.3333333333333333, 0.0, 0.4, 0.07142857142857142, 0.5, 1.0, 0.47619047619047616, 0.3125, 0.0, 0.35, 0.1111111111111111, 0.7, 1.0, 0.5833333333333334, 0.6, 0.0, 0.21000000000000002, 0.08214169000933706, 0.6464102564102564, 1.0, 0.38707107843137256, 0.3183012820512821, 0.0
0.0, 0.5, 0.5, 0.5, 0.0625, 0.8333333333333334, 1.0, 0.7352941176470589, 0.75, 0.0, 0.2, 0.14285714285714285, 0.4, 1.0, 0.33333333333333337, 0.3, 0.0, 0.15, 0.1111111111111111, 0.23076923076923078, 1.0, 0.20833333333333334, 0.23076923076923078, 0.0, 0.05, 0.06666666666666667, 1.0, 1.0, 0.20833333333333334, 0.0, 0.0, 0.1, 0.0625, 1.0, 1.0, 0.35714285714285715, 0.0, 0.0, 0.1, 0.058823529411764705, 0.6666666666666666, 1.0, 0.3125, 0.3333333333333333, 0.0, 0.2, 0.058823529411764705, 0.8, 1.0, 0.5000000000000001, 0.4, 0.0, 0.05, 0.06666666666666667, 0.3333333333333333, 1.0, 0.15625, 0.3333333333333333, 0.0, 0.35, 0.07142857142857142, 0.4375, 1.0, 0.41666666666666663, 0.3125, 0.0, 0.35, 0.1111111111111111, 0.7, 1.0, 0.5833333333333334, 0.6, 0.0, 0.20500000000000002, 0.08124883286647992, 0.6401602564102564, 1.0, 0.38111869747899163, 0.3259935897435898, 0.0
0.0, 0.6, 0.4, 0.5, 0.0625, 0.8333333333333334, 1.0, 0.7352941176470589, 0.75, 0.0, 0.2, 0.14285714285714285, 0.4, 1.0, 0.33333333333333337, 0.3, 0.0, 0.15, 0.1111111111111111, 0.23076923076923078, 1.0, 0.20833333333333334, 0.15384615384615385, 0.0, 0.05, 0.0625, 1.0, 1.0, 0.20833333333333334, 0.0, 0.0, 0.1, 0.06666666666666667, 1.0, 1.0, 0.35714285714285715, 0.0, 0.0, 0.1, 0.058823529411764705, 0.6666666666666666, 1.0, 0.3125, 0.3333333333333333, 0.0, 0.2, 0.058823529411764705, 0.8, 1.0, 0.5000000000000001, 0.4, 0.0, 0.05, 0.06666666666666667, 0.3333333333333333, 1.0, 0.15625, 0.3333333333333333, 0.0, 0.35, 0.07142857142857142, 0.4375, 1.0, 0.41666666666666663, 0.3125, 0.0, 0.35, 0.1111111111111111, 0.7, 1.0, 0.5833333333333334, 0.6, 0.0, 0.20500000000000002, 0.08124883286647992, 0.6401602564102564, 1.0, 0.38111869747899163, 0.3183012820512821, 0.0
0.0, 0.7, 0.3, 0.5, 0.07692307692307693, 0.8333333333333334, 1.0, 0.7352941176470589, 0.8333333333333334, 0.0, 0.2, 0.14285714285714285, 0.4, 1.0, 0.33333333333333337, 0.3, 0.0, 0.15, 0.1111111111111111, 0.23076923076923078, 1.0, 0.20833333333333334, 0.15384615384615385, 0.0, 0.05, 0.0625, 1.0, 1.0, 0.20833333333333334, 0.0, 0.0, 0.1, 0.07142857142857142, 1.0, 1.0, 0.35714285714285715, 0.0, 0.0, 0.1, 0.058823529411764705, 0.6666666666666666, 1.0, 0.3125, 0.3333333333333333, 0.0, 0.2, 0.058823529411764705, 0.8, 1.0, 0.5000000000000001, 0.4, 0.0, 0.05, 0.06666666666666667, 0.3333333333333333, 1.0, 0.15625, 0.3333333333333333, 0.0, 0.3, 0.09090909090909091, 0.375, 1.0, 0.35714285714285715, 0.3125, 0.0, 0.35, 0.1111111111111111, 0.7, 1.0, 0.5833333333333334, 0.6, 0.0, 0.2, 0.08511538298303005, 0.6339102564102564, 1.0, 0.3751663165266107, 0.3266346153846154, 0.0
0.0, 0.8, 0.2, 0.5, 0.07692307692307693, 0.8333333333333334, 1.0, 0.7352941176470589, 0.75, 0.0, 0.2, 0.14285714285714285, 0.4, 1.0, 0.33333333333333337, 0.3, 0.0, 0.15, 0.1, 0.23076923076923078, 1.0, 0.20833333333333334, 0.15384615384615385, 0.0, 0.05, 0.05555555555555555, 1.0, 1.0, 0.20833333333333334, 0.0, 0.0, 0.1, 0.07142857142857142, 1.0, 1.0, 0.35714285714285715, 0.0, 0.0, 0.1, 0.06666666666666667, 0.6666666666666666, 1.0, 0.3125, 0.3333333333333333, 0.0, 0.25, 0.07142857142857142, 1.0, 1.0, 0.625, 0.4, 0.0, 0.05, 0.06666666666666667, 0.3333333333333333, 1.0, 0.15625, 0.3333333333333333, 0.0, 0.3, 0.09090909090909091, 0.375, 1.0, 0.35714285714285715, 0.3125, 0.0, 0.35, 0.1111111111111111, 0.7, 1.0, 0.5833333333333334, 0.6, 0.0, 0.20500000000000002, 0.08535464535464535, 0.6539102564102565, 1.0, 0.38766631652661065, 0.3183012820512821, 0.0
0.0, 0.9, 0.1, 0.45, 0.07142857142857142, 0.75, 1.0, 0.661764705882353, 0.6666666666666666, 0.0, 0.2, 0.125, 0.4, 1.0, 0.33333333333333337, 0.2, 0.0, 0.2, 0.1111111111111111, 0.3076923076923077, 1.0, 0.2777777777777778, 0.15384615384615385, 0.0, 0.05, 0.058823529411764705, 1.0, 1.0, 0.20833333333333334, 0.0, 0.0, 0.1, 0.07142857142857142, 1.0, 1.0, 0.35714285714285715, 0.0, 0.0, 0.1, 0.08333333333333333, 0.6666666666666666, 1.0, 0.3125, 0.3333333333333333, 0.0, 0.25, 0.07142857142857142, 1.0, 1.0, 0.625, 0.6, 0.0, 0.05, 0.06666666666666667, 0.3333333333333333, 1.0, 0.15625, 0.3333333333333333, 0.0, 0.25, 0.07142857142857142, 0.3125, 1.0, 0.2976190476190476, 0.3125, 0.0, 0.35, 0.1, 0.7, 1.0, 0.5833333333333334, 0.6, 0.0, 0.20000000000000004, 0.08306489262371615, 0.6470192307692308, 1.0, 0.3813054388422036, 0.3199679487179487, 0.0
0.0, 1.0, 0.0, 0.2, 0.08333333333333333, 0.3333333333333333, 1.0, 0.29411764705882354, 0.3333333333333333, 0.0, 0.1, 0.1111111111111111, 0.2, 1.0, 0.16666666666666669, 0.2, 0.0, 0.15, 0.1111111111111111, 0.23076923076923078, 1.0, 0.20833333333333334, 0.15384615384615385, 0.0, 0.05, 0.0625, 1.0, 1.0, 0.20833333333333334, 0.0, 0.0, 0.1, 0.0625, 1.0, 1.0, 0.35714285714285715, 0.5, 0.0, 0.05, 0.1, 0.3333333333333333, 1.0, 0.15625, 0.3333333333333333, 0.0, 0.15, 0.1111111111111111, 0.6, 1.0, 0.375, 0.4, 0.0, 0.05, 0.08333333333333333, 0.3333333333333333, 1.0, 0.15625, 0.0, 0.0, 0.15, 0.07692307692307693, 0.1875, 1.0, 0.17857142857142858, 0.1875, 0.0, 0.25, 0.07692307692307693, 0.5, 1.0, 0.4166666666666667, 0.2, 0.0, 0.12500000000000003, 0.08788461538461538, 0.4718269230769231, 1.0, 0.2517331932773109, 0.23080128205128206, 0.0
0.1, 0.0, 0.9, 0.5, 0.06666666666666667, 0.8333333333333334, 1.0, 0.7352941176470589, 0.5833333333333334, 0.0, 0.2, 0.1111111111111111, 0.4, 1.0, 0.33333333333333337, 0.3, 0.0, 0.2, 0.1111111111111111, 0.3076923076923077, 1.0, 0.2777777777777778, 0.15384615384615385, 0.0, 0.05, 0.09090909090909091, 1.0, 1.0, 0.20833333333333334, 0.0, 0.0, 0.1, 0.07692307692307693, 1.0, 1.0, 0.35714285714285715, 0.0, 0.0, 0.1, 0.05263157894736842, 0.6666666666666666, 1.0, 0.3125, 0.3333333333333333, 0.0, 0.15, 0.0625, 0.6, 1.0, 0.375, 0.4, 0.0, 0.05, 0.0625, 0.3333333333333333, 1.0, 0.15625, 0.3333333333333333, 0.0, 0.25, 0.06666666666666667, 0.3125, 1.0, 0.2976190476190476, 0.25, 0.0, 0.3, 0.1, 0.6, 1.0, 0.5, 0.5, 0.0, 0.19, 0.08010193023350917, 0.605352564102564, 1.0, 0.35532504668534076, 0.2853846153846154, 0.0
0.1, 0.1, 0.8, 0.5, 0.058823529411764705, 0.8333333333333334, 1.0, 0.7352941176470589, 0.75, 0.0, 0.2, 0.1111111111111111, 0.4, 1.0, 0.33333333333333337, 0.2, 0.0, 0.15, 0.1111111111111111, 0.23076923076923078, 1.0, 0.20833333333333334, 0.15384615384615385, 0.0, 0.05, 0.07692307692307693, 1.0, 1.0, 0.20833333333333334, 0.0, 0.0, 0.1, 0.07142857142857142, 1.0, 1.0, 0.35714285714285715, 0.0, 0.0, 0.1, 0.05555555555555555, 0.6666666666666666, 1.0, 0.3125, 0.3333333333333333, 0.0, 0.15, 0.0625, 0.6, 1.0, 0.375, 0.4, 0.0, 0.05, 0.058823529411764705, 0.3333333333333333, 1.0, 0.15625, 0.3333333333333333, 0.0, 0.3, 0.06666666666666667, 0.375, 1.0, 0.35714285714285715, 0.3125, 0.0, 0.35, 0.1, 0.7, 1.0, 0.5833333333333334, 0.6, 0.0, 0.195, 0.07729431516196222, 0.6139102564102564, 1.0, 0.3626663165266107, 0.3083012820512821, 0.0
0.1, 0.2, 0.7, 0.5, 0.058823529411764705, 0.8333333333333334, 1.0, 0.7352941176470589, 0.75, 0.0, 0.2, 0.1111111111111111, 0.4, 1.0, 0.33333333333333337, 0.2, 0.0, 0.15, 0.1111111111111111, 0.23076923076923078, 1.0, 0.20833333333333334, 0.15384615384615385, 0.0, 0.05, 0.08333333333333333, 1.0, 1.0, 0.20833333333333334, 0.0, 0.0, 0.1, 0.06666666666666667, 1.0, 1.0, 0.35714285714285715, 0.0, 0.0, 0.1, 0.058823529411764705, 0.6666666666666666, 1.0, 0.3125, 0.3333333333333333, 0.0, 0.2, 0.0625, 0.8, 1.0, 0.5000000000000001, 0.4, 0.0, 0.05, 0.05555555555555555, 0.3333333333333333, 1.0, 0.15625, 0.3333333333333333, 0.0, 0.25, 0.07692307692307693, 0.3125, 1.0, 0.2976190476190476, 0.3125, 0.0, 0.35, 0.1, 0.7, 1.0, 0.5833333333333334, 0.6, 0.0, 0.195, 0.07848479135243841, 0.6276602564102565, 1.0, 0.3692139355742297, 0.3083012820512821, 0.0
0.1, 0.3, 0.6, 0.5, 0.07142857142857142, 0.8333333333333334, 1.0, 0.7352941176470589, 0.75, 0.0, 0.2, 0.1, 0.4, 1.0, 0.33333333333333337, 0.2, 0.0, 0.15, 0.1111111111111111, 0.23076923076923078, 1.0, 0.20833333333333334, 0.15384615384615385, 0.0, 0.05, 0.07142857142857142, 1.0, 1.0, 0.20833333333333334, 0.0, 0.0, 0.1, 0.06666666666666667, 1.0, 1.0, 0.35714285714285715, 0.0, 0.0, 0.1, 0.058823529411764705, 0.6666666666666666, 1.0, 0.3125, 0.3333333333333333, 0.0, 0.2, 0.058823529411764705, 0.8, 1.0, 0.5000000000000001, 0.4, 0.0, 0.05, 0.05555555555555555, 0.3333333333333333, 1.0, 0.15625, 0.3333333333333333, 0.0, 0.25, 0.07142857142857142, 0.3125, 1.0, 0.2976190476190476, 0.3125, 0.0, 0.35, 0.1, 0.7, 1.0, 0.5833333333333334, 0.6, 0.0, 0.195, 0.0765266106442577, 0.6276602564102565, 1.0, 0.3692139355742297, 0.3083012820512821, 0.0
0.1, 0.4, 0.5, 0.5, 0.05263157894736842, 0.8333333333333334, 1.0, 0.7352941176470589, 0.75, 0.0, 0.2, 0.1, 0.4, 1.0, 0.33333333333333337, 0.2, 0.0, 0.15, 0.1111111111111111, 0.23076923076923078, 1.0, 0.20833333333333334, 0.15384615384615385, 0.0, 0.05, 0.07142857142857142, 1.0, 1.0, 0.20833333333333334, 0.0, 0.0, 0.1, 0.07142857142857142, 1.0, 1.0, 0.35714285714285715, 0.0, 0.0, 0.1, 0.058823529411764705, 0.6666666666666666, 1.0, 0.3125, 0.3333333333333333, 0.0, 0.2, 0.058823529411764705, 0.8, 1.0, 0.5000000000000001, 0.4, 0.0, 0.05, 0.05555555555555555, 0.3333333333333333, 1.0, 0.15625, 0.3333333333333333, 0.0, 0.25, 0.07142857142857142, 0.3125, 1.0, 0.2976190476190476, 0.3125, 0.0, 0.35, 0.1, 0.7, 1.0, 0.5833333333333334, 0.6, 0.0, 0.195, 0.07512310187232787, 0.6276602564102565, 1.0, 0.3692139355742297, 0.3083012820512821, 0.0
0.1, 0.5, 0.4, 0.5, 0.05555555555555555, 0.8333333333333334, 1.0, 0.7352941176470589, 0.75, 0.0, 0.2, 0.1, 0.4, 1.0, 0.33333333333333337, 0.2, 0.0, 0.15, 0.1111111111111111, 0.23076923076923078, 1.0, 0.20833333333333334, 0.15384615384615385, 0.0, 0.05, 0.058823529411764705, 1.0, 1.0, 0.20833333333333334, 0.0, 0.0, 0.1, 0.07692307692307693, 1.0, 1.0, 0.35714285714285715, 0.0, 0.0, 0.1, 0.058823529411764705, 0.6666666666666666, 1.0, 0.3125, 0.3333333333333333, 0.0, 0.2, 0.058823529411764705, 0.8, 1.0, 0.5000000000000001, 0.4, 0.0, 0.05, 0.05555555555555555, 0.3333333333333333, 1.0, 0.15625, 0.3333333333333333, 0.0, 0.25, 0.07142857142857142, 0.3125, 1.0, 0.2976190476190476, 0.3125, 0.0, 0.35, 0.1, 0.7, 1.0, 0.5833333333333334, 0.6, 0.0, 0.195, 0.07470444588091647, 0.6276602564102565, 1.0, 0.3692139355742297, 0.3083012820512821, 0.0
0.1, 0.6, 0.3, 0.5, 0.05555555555555555, 0.8333333333333334, 1.0, 0.7352941176470589, 0.6666666666666666, 0.0, 0.15, 0.1, 0.3, 1.0, 0.25, 0.2, 0.0, 0.15, 0.1111111111111111, 0.23076923076923078, 1.0, 0.20833333333333334, 0.15384615384615385, 0.0, 0.05, 0.058823529411764705, 1.0, 1.0, 0.20833333333333334, 0.0, 0.0, 0.1, 0.07692307692307693, 1.0, 1.0, 0.35714285714285715, 0.5, 0.0, 0.1, 0.06666666666666667, 0.6666666666666666, 1.0, 0.3125, 0.3333333333333333, 0.0, 0.2, 0.058823529411764705, 0.8, 1.0, 0.5000000000000001, 0.4, 0.0, 0.05, 0.0625, 0.3333333333333333, 1.0, 0.15625, 0.3333333333333333, 0.0, 0.25, 0.07142857142857142, 0.3125, 1.0, 0.2976190476190476, 0.3125, 0.0, 0.35, 0.1, 0.7, 1.0, 0.5833333333333334, 0.6, 0.0, 0.19, 0.0761832040508511, 0.6176602564102563, 1.0, 0.36088060224089635, 0.34996794871794873, 0.0
0.1, 0.7, 0.2, 0.45, 0.058823529411764705, 0.75, 1.0, 0.661764705882353, 0.6666666666666666, 0.0, 0.15, 0.1, 0.3, 1.0, 0.25, 0.2, 0.0, 0.2, 0.1111111111111111, 0.3076923076923077, 1.0, 0.2777777777777778, 0.15384615384615385, 0.0, 0.05, 0.058823529411764705, 1.0, 1.0, 0.20833333333333334, 0.0, 0.0, 0.1, 0.07692307692307693, 1.0, 1.0, 0.35714285714285715, 0.5, 0.0, 0.1, 0.0625, 0.6666666666666666, 1.0, 0.3125, 0.3333333333333333, 0.0, 0.2, 0.058823529411764705, 0.8, 1.0, 0.5000000000000001, 0.4, 0.0, 0.05, 0.0625, 0.3333333333333333, 1.0, 0.15625, 0.3333333333333333, 0.0, 0.25, 0.08333333333333333, 0.3125, 1.0, 0.2976190476190476, 0.3125, 0.0, 0.35, 0.1111111111111111, 0.7, 1.0, 0.5833333333333334, 0.6, 0.0, 0.19, 0.07839492207139268, 0.6170192307692307, 1.0, 0.36047210550887027, 0.34996794871794873, 0.0
0.1, 0.8, 0.1, 0.45, 0.0625, 0.75, 1.0, 0.661764705882353, 0.5, 0.0, 0.15, 0.1, 0.3, 1.0, 0.25, 0.2, 0.0, 0.15, 0.1, 0.23076923076923078, 1.0, 0.20833333333333334, 0.15384615384615385, 0.0, 0.05, 0.058823529411764705, 1.0, 1.0, 0.20833333333333334, 1.0, 0.0, 0.1, 0.07692307692307693, 1.0, 1.0, 0.35714285714285715, 0.5, 0.0, 0.1, 0.07142857142857142, 0.6666666666666666, 1.0, 0.3125, 0.3333333333333333, 0.0, 0.25, 0.0625, 1.0, 1.0, 0.625, 0.4, 0.0, 0.05, 0.07692307692307693, 0.3333333333333333, 1.0, 0.15625, 0.3333333333333333, 0.0, 0.25, 0.07692307692307693, 0.3125, 1.0, 0.2976190476190476, 0.3125, 0.0, 0.4, 0.1111111111111111, 0.8, 1.0, 0.6666666666666667, 0.5, 0.0, 0.195, 0.0797132442720678, 0.639326923076923, 1.0, 0.37436099439775916, 0.4233012820512821, 0.0
0.1, 0.9, 0.0, 0.2, 0.06666666666666667, 0.3333333333333333, 1.0, 0.29411764705882354, 0.25, 0.0, 0.1, 0.08333333333333333, 0.2, 1.0, 0.16666666666666669, 0.2, 0.0, 0.1, 0.09090909090909091, 0.15384615384615385, 1.0, 0.1388888888888889, 0.15384615384615385, 0.0, 0.05, 0.08333333333333333, 1.0, 1.0, 0.20833333333333334, 1.0, 0.0, 0.1, 0.07142857142857142, 1.0, 1.0, 0.35714285714285715, 0.5, 0.0, 0.05, 0.07142857142857142, 0.3333333333333333, 1.0, 0.15625, 0.3333333333333333, 0.0, 0.1, 0.1, 0.4, 1.0, 0.25000000000000006, 0.2, 0.0, 0.0, 0.0, 0.0, 0.0, 0.0, 0.0, 0.0, 0.15, 0.07692307692307693, 0.1875, 1.0, 0.17857142857142858, 0.1875, 0.0, 0.2, 0.08333333333333333, 0.4, 1.0, 0.33333333333333337, 0.2, 0.0, 0.10500000000000001, 0.07273559773559773, 0.4008012820512821, 0.9, 0.20833041549953318, 0.3024679487179488, 0.0
0.2, 0.0, 0.8, 0.5, 0.05263157894736842, 0.8333333333333334, 1.0, 0.7352941176470589, 0.5833333333333334, 0.0, 0.2, 0.1111111111111111, 0.4, 1.0, 0.33333333333333337, 0.2, 0.0, 0.2, 0.1111111111111111, 0.3076923076923077, 1.0, 0.2777777777777778, 0.15384615384615385, 0.0, 0.05, 0.09090909090909091, 1.0, 1.0, 0.20833333333333334, 0.0, 0.0, 0.1, 0.07692307692307693, 1.0, 1.0, 0.35714285714285715, 0.0, 0.0, 0.1, 0.05555555555555555, 0.6666666666666666, 1.0, 0.3125, 0.3333333333333333, 0.0, 0.15, 0.0625, 0.6, 1.0, 0.375, 0.4, 0.0, 0.05, 0.0625, 0.3333333333333333, 1.0, 0.15625, 0.3333333333333333, 0.0, 0.25, 0.06666666666666667, 0.3125, 1.0, 0.2976190476190476, 0.25, 0.0, 0.3, 0.1, 0.6, 1.0, 0.5, 0.5, 0.0, 0.19, 0.07899081912239805, 0.605352564102564, 1.0, 0.35532504668534076, 0.27538461538461545, 0.0
0.2, 0.1, 0.7, 0.5, 0.05555555555555555, 0.8333333333333334, 1.0, 0.7352941176470589, 0.6666666666666666, 0.0, 0.2, 0.1, 0.4, 1.0, 0.33333333333333337, 0.2, 0.0, 0.15, 0.1111111111111111, 0.23076923076923078, 1.0, 0.20833333333333334, 0.15384615384615385, 0.0, 0.05, 0.08333333333333333, 1.0, 1.0, 0.20833333333333334, 0.0, 0.0, 0.1, 0.06666666666666667, 1.0, 1.0, 0.35714285714285715, 0.0, 0.0, 0.1, 0.05555555555555555, 0.6666666666666666, 1.0, 0.3125, 0.3333333333333333, 0.0, 0.15, 0.0625, 0.6, 1.0, 0.375, 0.4, 0.0, 0.05, 0.058823529411764705, 0.3333333333333333, 1.0, 0.15625, 0.3333333333333333, 0.0, 0.25, 0.07692307692307693, 0.3125, 1.0, 0.2976190476190476, 0.3125, 0.0, 0.35, 0.1, 0.7, 1.0, 0.5833333333333334, 0.5, 0.0, 0.19, 0.07704688285570639, 0.6076602564102564, 1.0, 0.3567139355742297, 0.28996794871794873, 0.0
0.2, 0.2, 0.6, 0.5, 0.05555555555555555, 0.8333333333333334, 1.0, 0.7352941176470589, 0.6666666666666666, 0.0, 0.2, 0.1, 0.4, 1.0, 0.33333333333333337, 0.2, 0.0, 0.15, 0.1111111111111111, 0.23076923076923078, 1.0, 0.20833333333333334, 0.15384615384615385, 0.0, 0.05, 0.08333333333333333, 1.0, 1.0, 0.20833333333333334, 0.0, 0.0, 0.1, 0.06666666666666667, 1.0, 1.0, 0.35714285714285715, 0.0, 0.0, 0.1, 0.05555555555555555, 0.6666666666666666, 1.0, 0.3125, 0.3333333333333333, 0.0, 0.15, 0.0625, 0.6, 1.0, 0.375, 0.4, 0.0, 0.05, 0.058823529411764705, 0.3333333333333333, 1.0, 0.15625, 0.3333333333333333, 0.0, 0.25, 0.07142857142857142, 0.3125, 1.0, 0.2976190476190476, 0.3125, 0.0, 0.35, 0.1, 0.7, 1.0, 0.5833333333333334, 0.6, 0.0, 0.19, 0.07649743230625583, 0.6076602564102564, 1.0, 0.3567139355742297, 0.29996794871794874, 0.0
0.2, 0.3, 0.5, 0.5, 0.05555555555555555, 0.8333333333333334, 1.0, 0.7352941176470589, 0.6666666666666666, 0.0, 0.15, 0.1, 0.3, 1.0, 0.25, 0.2, 0.0, 0.15, 0.1111111111111111, 0.23076923076923078, 1.0, 0.20833333333333334, 0.15384615384615385, 0.0, 0.05, 0.0625, 1.0, 1.0, 0.20833333333333334, 0.0, 0.0, 0.1, 0.07692307692307693, 1.0, 1.0, 0.35714285714285715, 0.5, 0.0, 0.1, 0.05555555555555555, 0.6666666666666666, 1.0, 0.3125, 0.3333333333333333, 0.0, 0.2, 0.0625, 0.8, 1.0, 0.5000000000000001, 0.4, 0.0, 0.05, 0.05555555555555555, 0.3333333333333333, 1.0, 0.15625, 0.3333333333333333, 0.0, 0.25, 0.07142857142857142, 0.3125, 1.0, 0.2976190476190476, 0.3125, 0.0, 0.35, 0.1, 0.7, 1.0, 0.5833333333333334, 0.6, 0.0, 0.19, 0.07511294261294262, 0.6176602564102563, 1.0, 0.36088060224089635, 0.34996794871794873, 0.0
0.2, 0.4, 0.4, 0.5, 0.058823529411764705, 0.8333333333333334, 1.0, 0.7352941176470589, 0.6666666666666666, 0.0, 0.15, 0.1, 0.3, 1.0, 0.25, 0.2, 0.0, 0.15, 0.1111111111111111, 0.23076923076923078, 1.0, 0.20833333333333334, 0.15384615384615385, 0.0, 0.05, 0.0625, 1.0, 1.0, 0.20833333333333334, 0.0, 0.0, 0.1, 0.07692307692307693, 1.0, 1.0, 0.35714285714285715, 0.5, 0.0, 0.1, 0.0625, 0.6666666666666666, 1.0, 0.3125, 0.3333333333333333, 0.0, 0.2, 0.0625, 0.8, 1.0, 0.5000000000000001, 0.4, 0.0, 0.05, 0.05555555555555555, 0.3333333333333333, 1.0, 0.15625, 0.3333333333333333, 0.0, 0.25, 0.06666666666666667, 0.3125, 1.0, 0.2976190476190476, 0.3125, 0.0, 0.35, 0.1, 0.7, 1.0, 0.5833333333333334, 0.6, 0.0, 0.19, 0.0756579939668175, 0.6176602564102563, 1.0, 0.36088060224089635, 0.34996794871794873, 0.0
0.2, 0.5, 0.3, 0.45, 0.058823529411764705, 0.75, 1.0, 0.661764705882353, 0.6666666666666666, 0.0, 0.15, 0.1, 0.3, 1.0, 0.25, 0.2, 0.0, 0.15, 0.1111111111111111, 0.23076923076923078, 1.0, 0.20833333333333334, 0.15384615384615385, 0.0, 0.05, 0.058823529411764705, 1.0, 1.0, 0.20833333333333334, 0.0, 0.0, 0.1, 0.07692307692307693, 1.0, 1.0, 0.35714285714285715, 0.5, 0.0, 0.1, 0.0625, 0.6666666666666666, 1.0, 0.3125, 0.3333333333333333, 0.0, 0.2, 0.0625, 0.8, 1.0, 0.5000000000000001, 0.4, 0.0, 0.05, 0.05555555555555555, 0.3333333333333333, 1.0, 0.15625, 0.3333333333333333, 0.0, 0.25, 0.06666666666666667, 0.3125, 1.0, 0.2976190476190476, 0.3125, 0.0, 0.35, 0.1, 0.7, 1.0, 0.5833333333333334, 0.6, 0.0, 0.185, 0.07529034690799397, 0.609326923076923, 1.0, 0.3535276610644258, 0.34996794871794873, 0.0
0.2, 0.6, 0.2, 0.4, 0.0625, 0.6666666666666666, 1.0, 0.5882352941176471, 0.6666666666666666, 0.0, 0.15, 0.1, 0.3, 1.0, 0.25, 0.2, 0.0, 0.2, 0.1111111111111111, 0.3076923076923077, 1.0, 0.2777777777777778, 0.15384615384615385, 0.0, 0.05, 0.058823529411764705, 1.0, 1.0, 0.20833333333333334, 0.0, 0.0, 0.1, 0.07692307692307693, 1.0, 1.0, 0.35714285714285715, 0.5, 0.0, 0.1, 0.0625, 0.6666666666666666, 1.0, 0.3125, 0.3333333333333333, 0.0, 0.2, 0.0625, 0.8, 1.0, 0.5000000000000001, 0.4, 0.0, 0.05, 0.0625, 0.3333333333333333, 1.0, 0.15625, 0.3333333333333333, 0.0, 0.25, 0.07142857142857142, 0.3125, 1.0, 0.2976190476190476, 0.3125, 0.0, 0.4, 0.1111111111111111, 0.8, 1.0, 0.6666666666666667, 0.5, 0.0, 0.19, 0.07793973999856355, 0.6186858974358974, 1.0, 0.36145249766573295, 0.3399679487179487, 0.0
0.2, 0.7, 0.1, 0.4, 0.0625, 0.6666666666666666, 1.0, 0.5882352941176471, 0.5, 0.0, 0.15, 0.1, 0.3, 1.0, 0.25, 0.2, 0.0, 0.15, 0.1, 0.23076923076923078, 1.0, 0.20833333333333334, 0.15384615384615385, 0.0, 0.05, 0.058823529411764705, 1.0, 1.0, 0.20833333333333334, 1.0, 0.0, 0.1, 0.07142857142857142, 1.0, 1.0, 0.35714285714285715, 0.5, 0.0, 0.1, 0.0625, 0.6666666666666666, 1.0, 0.3125, 0.3333333333333333, 0.0, 0.2, 0.06666666666666667, 0.8, 1.0, 0.5000000000000001, 0.4, 0.0, 0.05, 0.07142857142857142, 0.3333333333333333, 1.0, 0.15625, 0.3333333333333333, 0.0, 0.25, 0.07692307692307693, 0.3125, 1.0, 0.2976190476190476, 0.3125, 0.0, 0.4, 0.1111111111111111, 0.8, 1.0, 0.6666666666666667, 0.4, 0.0, 0.185, 0.07813815269697624, 0.6109935897435897, 1.0, 0.3545080532212885, 0.41330128205128214, 0.0
0.2, 0.8, 0.0, 0.15, 0.06666666666666667, 0.25, 1.0, 0.22058823529411764, 0.25, 0.0, 0.1, 0.08333333333333333, 0.2, 1.0, 0.16666666666666669, 0.2, 0.0, 0.1, 0.09090909090909091, 0.15384615384615385, 1.0, 0.1388888888888889, 0.15384615384615385, 0.0, 0.05, 0.08333333333333333, 1.0, 1.0, 0.20833333333333334, 1.0, 0.0, 0.1, 0.07142857142857142, 1.0, 1.0, 0.35714285714285715, 0.5, 0.0, 0.05, 0.08333333333333333, 0.3333333333333333, 1.0, 0.15625, 0.0, 0.0, 0.1, 0.1111111111111111, 0.4, 1.0, 0.25000000000000006, 0.0, 0.0, 0.0, 0.0, 0.0, 0.0, 0.0, 0.0, 0.0, 0.15, 0.06666666666666667, 0.1875, 1.0, 0.17857142857142858, 0.1875, 0.0, 0.2, 0.09090909090909091, 0.4, 1.0, 0.33333333333333337, 0.2, 0.0, 0.1, 0.07476911976911976, 0.3924679487179487, 0.9, 0.20097747432306257, 0.2491346153846154, 0.0
0.3, 0.0, 0.7, 0.5, 0.05263157894736842, 0.8333333333333334, 1.0, 0.7352941176470589, 0.5, 0.0, 0.2, 0.1, 0.4, 1.0, 0.33333333333333337, 0.2, 0.0, 0.15, 0.1111111111111111, 0.23076923076923078, 1.0, 0.20833333333333334, 0.15384615384615385, 0.0, 0.05, 0.09090909090909091, 1.0, 1.0, 0.20833333333333334, 0.0, 0.0, 0.1, 0.07142857142857142, 1.0, 1.0, 0.35714285714285715, 0.5, 0.0, 0.1, 0.05555555555555555, 0.6666666666666666, 1.0, 0.3125, 0.3333333333333333, 0.0, 0.15, 0.0625, 0.6, 1.0, 0.375, 0.4, 0.0, 0.05, 0.058823529411764705, 0.3333333333333333, 1.0, 0.15625, 0.3333333333333333, 0.0, 0.25, 0.06666666666666667, 0.3125, 1.0, 0.2976190476190476, 0.25, 0.0, 0.3, 0.1, 0.6, 1.0, 0.5, 0.5, 0.0, 0.185, 0.07696261040301287, 0.5976602564102563, 1.0, 0.34838060224089634, 0.3170512820512821, 0.0
0.3, 0.1, 0.6, 0.5, 0.05555555555555555, 0.8333333333333334, 1.0, 0.7352941176470589, 0.6666666666666666, 0.0, 0.15, 0.1, 0.3, 1.0, 0.25, 0.2, 0.0, 0.15, 0.1111111111111111, 0.23076923076923078, 1.0, 0.20833333333333334, 0.15384615384615385, 0.0, 0.05, 0.08333333333333333, 1.0, 1.0, 0.20833333333333334, 0.0, 0.0, 0.1, 0.06666666666666667, 1.0, 1.0, 0.35714285714285715, 0.5, 0.0, 0.1, 0.05555555555555555, 0.6666666666666666, 1.0, 0.3125, 0.3333333333333333, 0.0, 0.15, 0.0625, 0.6, 1.0, 0.375, 0.4, 0.0, 0.05, 0.058823529411764705, 0.3333333333333333, 1.0, 0.15625, 0.3333333333333333, 0.0, 0.25, 0.07142857142857142, 0.3125, 1.0, 0.2976190476190476, 0.3125, 0.0, 0.35, 0.1, 0.7, 1.0, 0.5833333333333334, 0.5, 0.0, 0.185, 0.07649743230625583, 0.5976602564102563, 1.0, 0.34838060224089634, 0.3399679487179487, 0.0
0.3, 0.2, 0.5, 0.45, 0.058823529411764705, 0.75, 1.0, 0.661764705882353, 0.6666666666666666, 0.0, 0.15, 0.1, 0.3, 1.0, 0.25, 0.2, 0.0, 0.15, 0.1111111111111111, 0.23076923076923078, 1.0, 0.20833333333333334, 0.15384615384615385, 0.0, 0.05, 0.07142857142857142, 1.0, 1.0, 0.20833333333333334, 0.0, 0.0, 0.1, 0.07142857142857142, 1.0, 1.0, 0.35714285714285715, 0.5, 0.0, 0.1, 0.058823529411764705, 0.6666666666666666, 1.0, 0.3125, 0.3333333333333333, 0.0, 0.15, 0.0625, 0.6, 1.0, 0.375, 0.4, 0.0, 0.05, 0.058823529411764705, 0.3333333333333333, 1.0, 0.15625, 0.3333333333333333, 0.0, 0.25, 0.07142857142857142, 0.3125, 1.0, 0.2976190476190476, 0.3125, 0.0, 0.35, 0.1, 0.7, 1.0, 0.5833333333333334, 0.5, 0.0, 0.18, 0.07643674136321195, 0.589326923076923, 1.0, 0.3410276610644258, 0.3399679487179487, 0.0
0.3, 0.3, 0.4, 0.45, 0.058823529411764705, 0.75, 1.0, 0.661764705882353, 0.6666666666666666, 0.0, 0.15, 0.1, 0.3, 1.0, 0.25, 0.2, 0.0, 0.15, 0.1111111111111111, 0.23076923076923078, 1.0, 0.20833333333333334, 0.15384615384615385, 0.0, 0.05, 0.0625, 1.0, 1.0, 0.20833333333333334, 0.0, 0.0, 0.1, 0.07692307692307693, 1.0, 1.0, 0.35714285714285715, 0.5, 0.0, 0.1, 0.06666666666666667, 0.6666666666666666, 1.0, 0.3125, 0.3333333333333333, 0.0, 0.2, 0.0625, 0.8, 1.0, 0.5000000000000001, 0.4, 0.0, 0.05, 0.058823529411764705, 0.3333333333333333, 1.0, 0.15625, 0.3333333333333333, 0.0, 0.25, 0.07142857142857142, 0.3125, 1.0, 0.2976190476190476, 0.3125, 0.0, 0.3, 0.1, 0.6, 1.0, 0.5, 0.5, 0.0, 0.18, 0.07687764849529555, 0.599326923076923, 1.0, 0.34519432773109243, 0.3399679487179487, 0.0
0.3, 0.4, 0.3, 0.45, 0.0625, 0.75, 1.0, 0.661764705882353, 0.6666666666666666, 0.0, 0.15, 0.1, 0.3, 1.0, 0.25, 0.2, 0.0, 0.15, 0.1111111111111111, 0.23076923076923078, 1.0, 0.20833333333333334, 0.15384615384615385, 0.0, 0.05, 0.0625, 1.0, 1.0, 0.20833333333333334, 0.0, 0.0, 0.1, 0.07692307692307693, 1.0, 1.0, 0.35714285714285715, 0.5, 0.0, 0.1, 0.0625, 0.6666666666666666, 1.0, 0.3125, 0.3333333333333333, 0.0, 0.2, 0.0625, 0.8, 1.0, 0.5000000000000001, 0.4, 0.0, 0.05, 0.058823529411764705, 0.3333333333333333, 1.0, 0.15625, 0.3333333333333333, 0.0, 0.25, 0.06666666666666667, 0.3125, 1.0, 0.2976190476190476, 0.3125, 0.0, 0.3, 0.1, 0.6, 1.0, 0.5, 0.5, 0.0, 0.18, 0.07635243841126195, 0.599326923076923, 1.0, 0.34519432773109243, 0.3399679487179487, 0.0
0.3, 0.5, 0.2, 0.45, 0.0625, 0.75, 1.0, 0.661764705882353, 0.5833333333333334, 0.0, 0.15, 0.1, 0.3, 1.0, 0.25, 0.2, 0.0, 0.2, 0.1111111111111111, 0.3076923076923077, 1.0, 0.2777777777777778, 0.15384615384615385, 0.0, 0.05, 0.0625, 1.0, 1.0, 0.20833333333333334, 0.0, 0.0, 0.1, 0.07692307692307693, 1.0, 1.0, 0.35714285714285715, 0.5, 0.0, 0.1, 0.0625, 0.6666666666666666, 1.0, 0.3125, 0.3333333333333333, 0.0, 0.2, 0.0625, 0.8, 1.0, 0.5000000000000001, 0.4, 0.0, 0.05, 0.06666666666666667, 0.3333333333333333, 1.0, 0.15625, 0.3333333333333333, 0.0, 0.25, 0.07142857142857142, 0.3125, 1.0, 0.2976190476190476, 0.3125, 0.0, 0.4, 0.1111111111111111, 0.8, 1.0, 0.6666666666666667, 0.4, 0.0, 0.195, 0.07872405372405374, 0.6270192307692307, 1.0, 0.3688054388422036, 0.3216346153846154, 0.0
0.3, 0.6, 0.1, 0.4, 0.0625, 0.6666666666666666, 1.0, 0.5882352941176471, 0.4166666666666667, 0.0, 0.1, 0.1111111111111111, 0.2, 1.0, 0.16666666666666669, 0.2, 0.0, 0.15, 0.1, 0.23076923076923078, 1.0, 0.20833333333333334, 0.07692307692307693, 0.0, 0.05, 0.0625, 1.0, 1.0, 0.20833333333333334, 1.0, 0.0, 0.1, 0.07142857142857142, 1.0, 1.0, 0.35714285714285715, 0.5, 0.0, 0.1, 0.0625, 0.6666666666666666, 1.0, 0.3125, 0.3333333333333333, 0.0, 0.15, 0.06666666666666667, 0.6, 1.0, 0.375, 0.4, 0.0, 0.05, 0.07692307692307693, 0.3333333333333333, 1.0, 0.15625, 0.3333333333333333, 0.0, 0.25, 0.07692307692307693, 0.3125, 1.0, 0.2976190476190476, 0.3125, 0.0, 0.4, 0.1111111111111111, 0.8, 1.0, 0.6666666666666667, 0.4, 0.0, 0.175, 0.08016636141636142, 0.5809935897435896, 1.0, 0.33367471988795516, 0.39727564102564106, 0.0
0.3, 0.7, 0.0, 0.15, 0.06666666666666667, 0.25, 1.0, 0.22058823529411764, 0.25, 0.0, 0.1, 0.08333333333333333, 0.2, 1.0, 0.16666666666666669, 0.2, 0.0, 0.1, 0.08333333333333333, 0.15384615384615385, 1.0, 0.1388888888888889, 0.15384615384615385, 0.0, 0.05, 0.08333333333333333, 1.0, 1.0, 0.20833333333333334, 1.0, 0.0, 0.1, 0.07692307692307693, 1.0, 1.0, 0.35714285714285715, 0.5, 0.0, 0.05, 0.09090909090909091, 0.3333333333333333, 1.0, 0.15625, 0.0, 0.0, 0.1, 0.1111111111111111, 0.4, 1.0, 0.25000000000000006, 0.0, 0.0, 0.0, 0.0, 0.0, 0.0, 0.0, 0.0, 0.0, 0.15, 0.07692307692307693, 0.1875, 1.0, 0.17857142857142858, 0.1875, 0.0, 0.15, 0.1, 0.3, 1.0, 0.25, 0.1, 0.0, 0.095, 0.07725330225330224, 0.3824679487179487, 0.9, 0.19264414098972923, 0.2391346153846154, 0.0
0.4, 0.0, 0.6, 0.5, 0.058823529411764705, 0.8333333333333334, 1.0, 0.7352941176470589, 0.5, 0.0, 0.15, 0.09090909090909091, 0.3, 1.0, 0.25, 0.2, 0.0, 0.15, 0.1111111111111111, 0.23076923076923078, 1.0, 0.20833333333333334, 0.15384615384615385, 0.0, 0.05, 0.125, 1.0, 1.0, 0.20833333333333334, 0.0, 0.0, 0.1, 0.07692307692307693, 1.0, 1.0, 0.35714285714285715, 0.5, 0.0, 0.1, 0.05555555555555555, 0.6666666666666666, 1.0, 0.3125, 0.3333333333333333, 0.0, 0.1, 0.0625, 0.4, 1.0, 0.25000000000000006, 0.4, 0.0, 0.05, 0.058823529411764705, 0.3333333333333333, 1.0, 0.15625, 0.3333333333333333, 0.0, 0.25, 0.06666666666666667, 0.3125, 1.0, 0.2976190476190476, 0.25, 0.0, 0.3, 0.1, 0.6, 1.0, 0.5, 0.5, 0.0, 0.17500000000000002, 0.08063125599890306, 0.5676602564102564, 1.0, 0.327547268907563, 0.3170512820512821, 0.0
0.4, 0.1, 0.5, 0.45, 0.058823529411764705, 0.75, 1.0, 0.661764705882353, 0.6666666666666666, 0.0, 0.15, 0.1, 0.3, 1.0, 0.25, 0.2, 0.0, 0.15, 0.1111111111111111, 0.23076923076923078, 1.0, 0.20833333333333334, 0.15384615384615385, 0.0, 0.05, 0.08333333333333333, 1.0, 1.0, 0.20833333333333334, 0.0, 0.0, 0.1, 0.06666666666666667, 1.0, 1.0, 0.35714285714285715, 0.5, 0.0, 0.1, 0.0625, 0.6666666666666666, 1.0, 0.3125, 0.3333333333333333, 0.0, 0.15, 0.0625, 0.6, 1.0, 0.375, 0.4, 0.0, 0.05, 0.058823529411764705, 0.3333333333333333, 1.0, 0.15625, 0.3333333333333333, 0.0, 0.25, 0.07692307692307693, 0.3125, 1.0, 0.2976190476190476, 0.3125, 0.0, 0.3, 0.1, 0.6, 1.0, 0.5, 0.4, 0.0, 0.175, 0.07806812468577175, 0.579326923076923, 1.0, 0.3326943277310924, 0.3299679487179487, 0.0
0.4, 0.2, 0.4, 0.45, 0.058823529411764705, 0.75, 1.0, 0.661764705882353, 0.6666666666666666, 0.0, 0.15, 0.1, 0.3, 1.0, 0.25, 0.2, 0.0, 0.15, 0.1111111111111111, 0.23076923076923078, 1.0, 0.20833333333333334, 0.15384615384615385, 0.0, 0.05, 0.07142857142857142, 1.0, 1.0, 0.20833333333333334, 0.0, 0.0, 0.1, 0.07692307692307693, 1.0, 1.0, 0.35714285714285715, 0.5, 0.0, 0.1, 0.06666666666666667, 0.6666666666666666, 1.0, 0.3125, 0.3333333333333333, 0.0, 0.15, 0.0625, 0.6, 1.0, 0.375, 0.4, 0.0, 0.05, 0.058823529411764705, 0.3333333333333333, 1.0, 0.15625, 0.3333333333333333, 0.0, 0.25, 0.07142857142857142, 0.3125, 1.0, 0.2976190476190476, 0.3125, 0.0, 0.3, 0.1, 0.6, 1.0, 0.5, 0.5, 0.0, 0.175, 0.0777705056381527, 0.579326923076923, 1.0, 0.3326943277310924, 0.3399679487179487, 0.0
0.4, 0.3, 0.3, 0.4, 0.0625, 0.6666666666666666, 1.0, 0.5882352941176471, 0.6666666666666666, 0.0, 0.15, 0.1, 0.3, 1.0, 0.25, 0.2, 0.0, 0.15, 0.1111111111111111, 0.23076923076923078, 1.0, 0.20833333333333334, 0.15384615384615385, 0.0, 0.05, 0.0625, 1.0, 1.0, 0.20833333333333334, 0.0, 0.0, 0.1, 0.07692307692307693, 1.0, 1.0, 0.35714285714285715, 0.5, 0.0, 0.1, 0.058823529411764705, 0.6666666666666666, 1.0, 0.3125, 0.3333333333333333, 0.0, 0.15, 0.0625, 0.6, 1.0, 0.375, 0.4, 0.0, 0.05, 0.058823529411764705, 0.3333333333333333, 1.0, 0.15625, 0.3333333333333333, 0.0, 0.25, 0.07142857142857142, 0.3125, 1.0, 0.2976190476190476, 0.3125, 0.0, 0.3, 0.1, 0.6, 1.0, 0.5, 0.4, 0.0, 0.17, 0.0764609818286289, 0.5709935897435897, 1.0, 0.32534138655462186, 0.3299679487179487, 0.0
0.4, 0.4, 0.2, 0.4, 0.0625, 0.6666666666666666, 1.0, 0.5882352941176471, 0.5833333333333334, 0.0, 0.15, 0.1, 0.3, 1.0, 0.25, 0.2, 0.0, 0.15, 0.1, 0.23076923076923078, 1.0, 0.20833333333333334, 0.15384615384615385, 0.0, 0.05, 0.0625, 1.0, 1.0, 0.20833333333333334, 0.0, 0.0, 0.1, 0.07142857142857142, 1.0, 1.0, 0.35714285714285715, 0.5, 0.0, 0.1, 0.0625, 0.6666666666666666, 1.0, 0.3125, 0.3333333333333333, 0.0, 0.15, 0.0625, 0.6, 1.0, 0.375, 0.4, 0.0, 0.05, 0.07142857142857142, 0.3333333333333333, 1.0, 0.15625, 0.3333333333333333, 0.0, 0.25, 0.07142857142857142, 0.3125, 1.0, 0.2976190476190476, 0.3125, 0.0, 0.4, 0.1, 0.8, 1.0, 0.6666666666666667, 0.4, 0.0, 0.18000000000000002, 0.07642857142857143, 0.5909935897435897, 1.0, 0.34200805322128847, 0.3216346153846154, 0.0
0.4, 0.5, 0.1, 0.4, 0.0625, 0.6666666666666666, 1.0, 0.5882352941176471, 0.4166666666666667, 0.0, 0.1, 0.1, 0.2, 1.0, 0.16666666666666669, 0.2, 0.0, 0.15, 0.08333333333333333, 0.23076923076923078, 1.0, 0.20833333333333334, 0.07692307692307693, 0.0, 0.05, 0.0625, 1.0, 1.0, 0.20833333333333334, 1.0, 0.0, 0.1, 0.07142857142857142, 1.0, 1.0, 0.35714285714285715, 0.5, 0.0, 0.05, 0.0625, 0.3333333333333333, 1.0, 0.15625, 0.3333333333333333, 0.0, 0.15, 0.06666666666666667, 0.6, 1.0, 0.375, 0.4, 0.0, 0.05, 0.07142857142857142, 0.3333333333333333, 1.0, 0.15625, 0.3333333333333333, 0.0, 0.25, 0.07142857142857142, 0.3125, 1.0, 0.2976190476190476, 0.3125, 0.0, 0.35, 0.1, 0.7, 1.0, 0.5833333333333334, 0.4, 0.0, 0.16499999999999998, 0.07517857142857141, 0.5376602564102564, 1.0, 0.30971638655462186, 0.39727564102564106, 0.0
0.4, 0.6, 0.0, 0.15, 0.06666666666666667, 0.25, 1.0, 0.22058823529411764, 0.25, 0.0, 0.1, 0.09090909090909091, 0.2, 1.0, 0.16666666666666669, 0.2, 0.0, 0.1, 0.08333333333333333, 0.15384615384615385, 1.0, 0.1388888888888889, 0.15384615384615385, 0.0, 0.05, 0.08333333333333333, 1.0, 1.0, 0.20833333333333334, 1.0, 0.0, 0.05, 0.07692307692307693, 0.5, 1.0, 0.17857142857142858, 0.5, 0.0, 0.05, 0.08333333333333333, 0.3333333333333333, 1.0, 0.15625, 0.0, 0.0, 0.05, 0.1111111111111111, 0.2, 1.0, 0.12500000000000003, 0.0, 0.0, 0.0, 0.0, 0.0, 0.0, 0.0, 0.0, 0.0, 0.15, 0.07692307692307693, 0.1875, 1.0, 0.17857142857142858, 0.1875, 0.0, 0.1, 0.09090909090909091, 0.2, 1.0, 0.16666666666666669, 0.1, 0.0, 0.07999999999999999, 0.07634421134421134, 0.3024679487179488, 0.9, 0.15395366479925304, 0.2391346153846154, 0.0
0.5, 0.0, 0.5, 0.5, 0.058823529411764705, 0.8333333333333334, 1.0, 0.7352941176470589, 0.5, 0.0, 0.15, 0.09090909090909091, 0.3, 1.0, 0.25, 0.2, 0.0, 0.15, 0.1111111111111111, 0.23076923076923078, 1.0, 0.20833333333333334, 0.15384615384615385, 0.0, 0.05, 0.125, 1.0, 1.0, 0.20833333333333334, 0.0, 0.0, 0.1, 0.07142857142857142, 1.0, 1.0, 0.35714285714285715, 0.5, 0.0, 0.1, 0.05555555555555555, 0.6666666666666666, 1.0, 0.3125, 0.3333333333333333, 0.0, 0.1, 0.0625, 0.4, 1.0, 0.25000000000000006, 0.4, 0.0, 0.05, 0.058823529411764705, 0.3333333333333333, 1.0, 0.15625, 0.3333333333333333, 0.0, 0.25, 0.06666666666666667, 0.3125, 1.0, 0.2976190476190476, 0.25, 0.0, 0.3, 0.1, 0.6, 1.0, 0.5, 0.4, 0.0, 0.17500000000000002, 0.08008180544945251, 0.5676602564102564, 1.0, 0.327547268907563, 0.30705128205128207, 0.0
0.5, 0.1, 0.4, 0.45, 0.058823529411764705, 0.75, 1.0, 0.661764705882353, 0.5833333333333334, 0.0, 0.15, 0.1, 0.3, 1.0, 0.25, 0.2, 0.0, 0.15, 0.1111111111111111, 0.23076923076923078, 1.0, 0.20833333333333334, 0.15384615384615385, 0.0, 0.05, 0.08333333333333333, 1.0, 1.0, 0.20833333333333334, 0.0, 0.0, 0.1, 0.07692307692307693, 1.0, 1.0, 0.35714285714285715, 0.5, 0.0, 0.1, 0.06666666666666667, 0.6666666666666666, 1.0, 0.3125, 0.3333333333333333, 0.0, 0.1, 0.0625, 0.4, 1.0, 0.25000000000000006, 0.4, 0.0, 0.05, 0.058823529411764705, 0.3333333333333333, 1.0, 0.15625, 0.3333333333333333, 0.0, 0.25, 0.07692307692307693, 0.3125, 1.0, 0.2976190476190476, 0.3125, 0.0, 0.3, 0.1, 0.6, 1.0, 0.5, 0.4, 0.0, 0.17, 0.07951043237807943, 0.559326923076923, 1.0, 0.32019432773109247, 0.3216346153846154, 0.0
0.5, 0.2, 0.3, 0.4, 0.0625, 0.6666666666666666, 1.0, 0.5882352941176471, 0.5833333333333334, 0.0, 0.15, 0.09090909090909091, 0.3, 1.0, 0.25, 0.2, 0.0, 0.15, 0.1111111111111111, 0.23076923076923078, 1.0, 0.20833333333333334, 0.15384615384615385, 0.0, 0.05, 0.07142857142857142, 1.0, 1.0, 0.20833333333333334, 0.0, 0.0, 0.1, 0.07142857142857142, 1.0, 1.0, 0.35714285714285715, 0.5, 0.0, 0.1, 0.06666666666666667, 0.6666666666666666, 1.0, 0.3125, 0.3333333333333333, 0.0, 0.15, 0.0625, 0.6, 1.0, 0.375, 0.4, 0.0, 0.05, 0.058823529411764705, 0.3333333333333333, 1.0, 0.15625, 0.3333333333333333, 0.0, 0.25, 0.07692307692307693, 0.3125, 1.0, 0.2976190476190476, 0.3125, 0.0, 0.3, 0.1, 0.6, 1.0, 0.5, 0.4, 0.0, 0.17, 0.0772290617878853, 0.5709935897435897, 1.0, 0.32534138655462186, 0.3216346153846154, 0.0
0.5, 0.3, 0.2, 0.4, 0.0625, 0.6666666666666666, 1.0, 0.5882352941176471, 0.5833333333333334, 0.0, 0.15, 0.09090909090909091, 0.3, 1.0, 0.25, 0.2, 0.0, 0.15, 0.1111111111111111, 0.23076923076923078, 1.0, 0.20833333333333334, 0.15384615384615385, 0.0, 0.05, 0.07142857142857142, 1.0, 1.0, 0.20833333333333334, 0.0, 0.0, 0.1, 0.07142857142857142, 1.0, 1.0, 0.35714285714285715, 0.5, 0.0, 0.1, 0.0625, 0.6666666666666666, 1.0, 0.3125, 0.3333333333333333, 0.0, 0.1, 0.0625, 0.4, 1.0, 0.25000000000000006, 0.4, 0.0, 0.05, 0.07142857142857142, 0.3333333333333333, 1.0, 0.15625, 0.3333333333333333, 0.0, 0.25, 0.07692307692307693, 0.3125, 1.0, 0.2976190476190476, 0.3125, 0.0, 0.35, 0.1, 0.7, 1.0, 0.5833333333333334, 0.4, 0.0, 0.17, 0.0780728993228993, 0.5609935897435897, 1.0, 0.3211747198879552, 0.3216346153846154, 0.0
0.5, 0.4, 0.1, 0.4, 0.0625, 0.6666666666666666, 1.0, 0.5882352941176471, 0.4166666666666667, 0.0, 0.1, 0.1, 0.2, 1.0, 0.16666666666666669, 0.2, 0.0, 0.15, 0.1, 0.23076923076923078, 1.0, 0.20833333333333334, 0.07692307692307693, 0.0, 0.05, 0.08333333333333333, 1.0, 1.0, 0.20833333333333334, 1.0, 0.0, 0.1, 0.07142857142857142, 1.0, 1.0, 0.35714285714285715, 0.5, 0.0, 0.05, 0.06666666666666667, 0.3333333333333333, 1.0, 0.15625, 0.3333333333333333, 0.0, 0.1, 0.06666666666666667, 0.4, 1.0, 0.25000000000000006, 0.4, 0.0, 0.05, 0.07142857142857142, 0.3333333333333333, 1.0, 0.15625, 0.0, 0.0, 0.25, 0.07142857142857142, 0.3125, 1.0, 0.2976190476190476, 0.3125, 0.0, 0.35, 0.1, 0.7, 1.0, 0.5833333333333334, 0.4, 0.0, 0.16, 0.07934523809523808, 0.5176602564102565, 1.0, 0.29721638655462185, 0.36394230769230773, 0.0
0.5, 0.5, 0.0, 0.15, 0.06666666666666667, 0.25, 1.0, 0.22058823529411764, 0.25, 0.0, 0.1, 0.09090909090909091, 0.2, 1.0, 0.16666666666666669, 0.2, 0.0, 0.1, 0.08333333333333333, 0.15384615384615385, 1.0, 0.1388888888888889, 0.15384615384615385, 0.0, 0.05, 0.07692307692307693, 1.0, 1.0, 0.20833333333333334, 1.0, 0.0, 0.05, 0.07142857142857142, 0.5, 1.0, 0.17857142857142858, 0.5, 0.0, 0.05, 0.08333333333333333, 0.3333333333333333, 1.0, 0.15625, 0.0, 0.0, 0.05, 0.1111111111111111, 0.2, 1.0, 0.12500000000000003, 0.0, 0.0, 0.0, 0.0, 0.0, 0.0, 0.0, 0.0, 0.0, 0.2, 0.07692307692307693, 0.25, 1.0, 0.23809523809523808, 0.125, 0.0, 0.1, 0.09090909090909091, 0.2, 1.0, 0.16666666666666669, 0.1, 0.0, 0.08499999999999999, 0.07515373515373515, 0.3087179487179488, 0.9, 0.159906045751634, 0.2328846153846154, 0.0
0.6, 0.0, 0.4, 0.45, 0.058823529411764705, 0.75, 1.0, 0.661764705882353, 0.5, 0.0, 0.15, 0.09090909090909091, 0.3, 1.0, 0.25, 0.2, 0.0, 0.1, 0.1111111111111111, 0.15384615384615385, 1.0, 0.1388888888888889, 0.15384615384615385, 0.0, 0.05, 0.125, 1.0, 1.0, 0.20833333333333334, 0.0, 0.0, 0.1, 0.07142857142857142, 1.0, 1.0, 0.35714285714285715, 0.5, 0.0, 0.1, 0.0625, 0.6666666666666666, 1.0, 0.3125, 0.3333333333333333, 0.0, 0.1, 0.0625, 0.4, 1.0, 0.25000000000000006, 0.4, 0.0, 0.05, 0.058823529411764705, 0.3333333333333333, 1.0, 0.15625, 0.3333333333333333, 0.0, 0.2, 0.06666666666666667, 0.25, 1.0, 0.23809523809523808, 0.25, 0.0, 0.3, 0.1, 0.6, 1.0, 0.5, 0.4, 0.0, 0.16, 0.08077624989389695, 0.5453846153846154, 1.0, 0.30729750233426706, 0.30705128205128207, 0.0
0.6, 0.1, 0.3, 0.4, 0.0625, 0.6666666666666666, 1.0, 0.5882352941176471, 0.5833333333333334, 0.0, 0.15, 0.09090909090909091, 0.3, 1.0, 0.25, 0.2, 0.0, 0.15, 0.1111111111111111, 0.23076923076923078, 1.0, 0.20833333333333334, 0.15384615384615385, 0.0, 0.05, 0.1, 1.0, 1.0, 0.20833333333333334, 0.0, 0.0, 0.1, 0.07142857142857142, 1.0, 1.0, 0.35714285714285715, 0.5, 0.0, 0.1, 0.06666666666666667, 0.6666666666666666, 1.0, 0.3125, 0.3333333333333333, 0.0, 0.1, 0.0625, 0.4, 1.0, 0.25000000000000006, 0.4, 0.0, 0.05, 0.058823529411764705, 0.3333333333333333, 1.0, 0.15625, 0.3333333333333333, 0.0, 0.25, 0.07692307692307693, 0.3125, 1.0, 0.2976190476190476, 0.3125, 0.0, 0.3, 0.1, 0.6, 1.0, 0.5, 0.4, 0.0, 0.165, 0.08008620464502816, 0.5509935897435897, 1.0, 0.31284138655462185, 0.3216346153846154, 0.0
0.6, 0.2, 0.2, 0.4, 0.0625, 0.6666666666666666, 1.0, 0.5882352941176471, 0.5833333333333334, 0.0, 0.15, 0.09090909090909091, 0.3, 1.0, 0.25, 0.2, 0.0, 0.15, 0.1111111111111111, 0.23076923076923078, 1.0, 0.20833333333333334, 0.15384615384615385, 0.0, 0.05, 0.1, 1.0, 1.0, 0.20833333333333334, 0.0, 0.0, 0.1, 0.07142857142857142, 1.0, 1.0, 0.35714285714285715, 0.5, 0.0, 0.1, 0.06666666666666667, 0.6666666666666666, 1.0, 0.3125, 0.3333333333333333, 0.0, 0.1, 0.0625, 0.4, 1.0, 0.25000000000000006, 0.4, 0.0, 0.05, 0.07142857142857142, 0.3333333333333333, 1.0, 0.15625, 0.3333333333333333, 0.0, 0.25, 0.07692307692307693, 0.3125, 1.0, 0.2976190476190476, 0.3125, 0.0, 0.35, 0.1, 0.7, 1.0, 0.5833333333333334, 0.4, 0.0, 0.17, 0.08134670884670883, 0.5609935897435897, 1.0, 0.3211747198879552, 0.3216346153846154, 0.0
0.6, 0.3, 0.1, 0.4, 0.0625, 0.6666666666666666, 1.0, 0.5882352941176471, 0.4166666666666667, 0.0, 0.1, 0.1, 0.2, 1.0, 0.16666666666666669, 0.2, 0.0, 0.15, 0.1111111111111111, 0.23076923076923078, 1.0, 0.20833333333333334, 0.07692307692307693, 0.0, 0.05, 0.08333333333333333, 1.0, 1.0, 0.20833333333333334, 1.0, 0.0, 0.1, 0.07142857142857142, 1.0, 1.0, 0.35714285714285715, 0.5, 0.0, 0.05, 0.06666666666666667, 0.3333333333333333, 1.0, 0.15625, 0.3333333333333333, 0.0, 0.1, 0.06666666666666667, 0.4, 1.0, 0.25000000000000006, 0.4, 0.0, 0.05, 0.06666666666666667, 0.3333333333333333, 1.0, 0.15625, 0.0, 0.0, 0.25, 0.07142857142857142, 0.3125, 1.0, 0.2976190476190476, 0.3125, 0.0, 0.35, 0.1, 0.7, 1.0, 0.5833333333333334, 0.4, 0.0, 0.16, 0.07998015873015872, 0.5176602564102565, 1.0, 0.29721638655462185, 0.36394230769230773, 0.0
0.6, 0.4, 0.0, 0.15, 0.06666666666666667, 0.25, 1.0, 0.22058823529411764, 0.25, 0.0, 0.1, 0.07692307692307693, 0.2, 1.0, 0.16666666666666669, 0.2, 0.0, 0.1, 0.08333333333333333, 0.15384615384615385, 1.0, 0.1388888888888889, 0.15384615384615385, 0.0, 0.05, 0.07692307692307693, 1.0, 1.0, 0.20833333333333334, 1.0, 0.0, 0.05, 0.07142857142857142, 0.5, 1.0, 0.17857142857142858, 0.5, 0.0, 0.05, 0.08333333333333333, 0.3333333333333333, 1.0, 0.15625, 0.0, 0.0, 0.0, 0.0, 0.0, 0.0, 0.0, 0.0, 0.0, 0.0, 0.0, 0.0, 0.0, 0.0, 0.0, 0.0, 0.2, 0.07692307692307693, 0.25, 1.0, 0.23809523809523808, 0.125, 0.0, 0.05, 0.09090909090909091, 0.1, 1.0, 0.08333333333333334, 0.1, 0.0, 0.075, 0.06264402264402265, 0.27871794871794875, 0.8, 0.13907271241830066, 0.2328846153846154, 0.0
0.7, 0.0, 0.3, 0.4, 0.0625, 0.6666666666666666, 1.0, 0.5882352941176471, 0.5, 0.0, 0.15, 0.09090909090909091, 0.3, 1.0, 0.25, 0.2, 0.0, 0.1, 0.1111111111111111, 0.15384615384615385, 1.0, 0.1388888888888889, 0.15384615384615385, 0.0, 0.05, 0.1111111111111111, 1.0, 1.0, 0.20833333333333334, 0.0, 0.0, 0.1, 0.06666666666666667, 1.0, 1.0, 0.35714285714285715, 0.5, 0.0, 0.1, 0.0625, 0.6666666666666666, 1.0, 0.3125, 0.3333333333333333, 0.0, 0.1, 0.0625, 0.4, 1.0, 0.25000000000000006, 0.4, 0.0, 0.05, 0.058823529411764705, 0.3333333333333333, 1.0, 0.15625, 0.3333333333333333, 0.0, 0.2, 0.06666666666666667, 0.25, 1.0, 0.23809523809523808, 0.25, 0.0, 0.3, 0.1, 0.6, 1.0, 0.5, 0.4, 0.0, 0.155, 0.07927881758764112, 0.537051282051282, 1.0, 0.2999445611577965, 0.30705128205128207, 0.0
0.7, 0.1, 0.2, 0.4, 0.0625, 0.6666666666666666, 1.0, 0.5882352941176471, 0.5833333333333334, 0.0, 0.15, 0.09090909090909091, 0.3, 1.0, 0.25, 0.2, 0.0, 0.1, 0.1111111111111111, 0.15384615384615385, 1.0, 0.1388888888888889, 0.15384615384615385, 0.0, 0.05, 0.1, 1.0, 1.0, 0.20833333333333334, 0.0, 0.0, 0.1, 0.07142857142857142, 1.0, 1.0, 0.35714285714285715, 0.5, 0.0, 0.1, 0.06666666666666667, 0.6666666666666666, 1.0, 0.3125, 0.3333333333333333, 0.0, 0.1, 0.0625, 0.4, 1.0, 0.25000000000000006, 0.4, 0.0, 0.05, 0.0625, 0.3333333333333333, 1.0, 0.15625, 0.3333333333333333, 0.0, 0.25, 0.07692307692307693, 0.3125, 1.0, 0.2976190476190476, 0.3125, 0.0, 0.3, 0.1, 0.6, 1.0, 0.5, 0.4, 0.0, 0.16, 0.08045385170385169, 0.543301282051282, 1.0, 0.3058969421101774, 0.3216346153846154, 0.0
0.7, 0.2, 0.1, 0.4, 0.0625, 0.6666666666666666, 1.0, 0.5882352941176471, 0.4166666666666667, 0.0, 0.1, 0.1, 0.2, 1.0, 0.16666666666666669, 0.2, 0.0, 0.15, 0.1, 0.23076923076923078, 1.0, 0.20833333333333334, 0.07692307692307693, 0.0, 0.05, 0.1, 1.0, 1.0, 0.20833333333333334, 1.0, 0.0, 0.1, 0.07142857142857142, 1.0, 1.0, 0.35714285714285715, 0.5, 0.0, 0.05, 0.06666666666666667, 0.3333333333333333, 1.0, 0.15625, 0.3333333333333333, 0.0, 0.1, 0.06666666666666667, 0.4, 1.0, 0.25000000000000006, 0.4, 0.0, 0.05, 0.06666666666666667, 0.3333333333333333, 1.0, 0.15625, 0.0, 0.0, 0.25, 0.07692307692307693, 0.3125, 1.0, 0.2976190476190476, 0.3125, 0.0, 0.3, 0.09090909090909091, 0.6, 1.0, 0.5, 0.3, 0.0, 0.155, 0.08017607392607393, 0.5076602564102564, 1.0, 0.2888830532212885, 0.3539423076923077, 0.0
0.7, 0.3, 0.0, 0.15, 0.06666666666666667, 0.25, 1.0, 0.22058823529411764, 0.25, 0.0, 0.1, 0.07692307692307693, 0.2, 1.0, 0.16666666666666669, 0.2, 0.0, 0.1, 0.08333333333333333, 0.15384615384615385, 1.0, 0.1388888888888889, 0.15384615384615385, 0.0, 0.05, 0.07692307692307693, 1.0, 1.0, 0.20833333333333334, 1.0, 0.0, 0.05, 0.06666666666666667, 0.5, 1.0, 0.17857142857142858, 0.5, 0.0, 0.0, 0.09090909090909091, 0.0, 1.0, 0.0, 0.0, 0.0, 0.0, 0.0, 0.0, 0.0, 0.0, 0.0, 0.0, 0.0, 0.0, 0.0, 0.0, 0.0, 0.0, 0.0, 0.2, 0.07692307692307693, 0.25, 1.0, 0.23809523809523808, 0.125, 0.0, 0.05, 0.09090909090909091, 0.1, 1.0, 0.08333333333333334, 0.1, 0.0, 0.06999999999999999, 0.06292540792540792, 0.2453846153846154, 0.8, 0.12344771241830066, 0.2328846153846154, 0.0
0.8, 0.0, 0.2, 0.4, 0.0625, 0.6666666666666666, 1.0, 0.5882352941176471, 0.5, 0.0, 0.15, 0.09090909090909091, 0.3, 1.0, 0.25, 0.2, 0.0, 0.1, 0.1111111111111111, 0.15384615384615385, 1.0, 0.1388888888888889, 0.15384615384615385, 0.0, 0.05, 0.1111111111111111, 1.0, 1.0, 0.20833333333333334, 0.0, 0.0, 0.1, 0.07142857142857142, 1.0, 1.0, 0.35714285714285715, 0.5, 0.0, 0.1, 0.06666666666666667, 0.6666666666666666, 1.0, 0.3125, 0.3333333333333333, 0.0, 0.1, 0.0625, 0.4, 1.0, 0.25000000000000006, 0.4, 0.0, 0.05, 0.05555555555555555, 0.3333333333333333, 1.0, 0.15625, 0.3333333333333333, 0.0, 0.2, 0.06666666666666667, 0.25, 1.0, 0.23809523809523808, 0.25, 0.0, 0.3, 0.1, 0.6, 1.0, 0.5, 0.4, 0.0, 0.155, 0.07984487734487734, 0.537051282051282, 1.0, 0.2999445611577965, 0.30705128205128207, 0.0
0.8, 0.1, 0.1, 0.35, 0.0625, 0.5833333333333334, 1.0, 0.5147058823529411, 0.4166666666666667, 0.0, 0.1, 0.1, 0.2, 1.0, 0.16666666666666669, 0.2, 0.0, 0.15, 0.09090909090909091, 0.23076923076923078, 1.0, 0.20833333333333334, 0.15384615384615385, 0.0, 0.05, 0.1, 1.0, 1.0, 0.20833333333333334, 1.0, 0.0, 0.1, 0.07142857142857142, 1.0, 1.0, 0.35714285714285715, 0.5, 0.0, 0.05, 0.0625, 0.3333333333333333, 1.0, 0.15625, 0.3333333333333333, 0.0, 0.1, 0.06666666666666667, 0.4, 1.0, 0.25000000000000006, 0.4, 0.0, 0.05, 0.06666666666666667, 0.3333333333333333, 1.0, 0.15625, 0.0, 0.0, 0.25, 0.07692307692307693, 0.3125, 1.0, 0.2976190476190476, 0.3125, 0.0, 0.3, 0.09090909090909091, 0.6, 1.0, 0.5, 0.3, 0.0, 0.15000000000000002, 0.07885031635031635, 0.499326923076923, 1.0, 0.2815301120448179, 0.3616346153846154, 0.0
0.8, 0.2, 0.0, 0.15, 0.06666666666666667, 0.25, 1.0, 0.22058823529411764, 0.25, 0.0, 0.1, 0.07692307692307693, 0.2, 1.0, 0.16666666666666669, 0.2, 0.0, 0.1, 0.08333333333333333, 0.15384615384615385, 1.0, 0.1388888888888889, 0.15384615384615385, 0.0, 0.05, 0.08333333333333333, 1.0, 1.0, 0.20833333333333334, 1.0, 0.0, 0.05, 0.06666666666666667, 0.5, 1.0, 0.17857142857142858, 0.5, 0.0, 0.0, 0.09090909090909091, 0.0, 1.0, 0.0, 0.0, 0.0, 0.0, 0.0, 0.0, 0.0, 0.0, 0.0, 0.0, 0.0, 0.0, 0.0, 0.0, 0.0, 0.0, 0.0, 0.2, 0.07692307692307693, 0.25, 1.0, 0.23809523809523808, 0.125, 0.0, 0.05, 0.07692307692307693, 0.1, 1.0, 0.08333333333333334, 0.1, 0.0, 0.06999999999999999, 0.06216783216783215, 0.2453846153846154, 0.8, 0.12344771241830066, 0.2328846153846154, 0.0
0.9, 0.0, 0.1, 0.35, 0.0625, 0.5833333333333334, 1.0, 0.5147058823529411, 0.5, 0.0, 0.1, 0.1, 0.2, 1.0, 0.16666666666666669, 0.2, 0.0, 0.1, 0.09090909090909091, 0.15384615384615385, 1.0, 0.1388888888888889, 0.15384615384615385, 0.0, 0.05, 0.1111111111111111, 1.0, 1.0, 0.20833333333333334, 0.0, 0.0, 0.1, 0.07142857142857142, 1.0, 1.0, 0.35714285714285715, 0.5, 0.0, 0.05, 0.06666666666666667, 0.3333333333333333, 1.0, 0.15625, 0.3333333333333333, 0.0, 0.1, 0.0625, 0.4, 1.0, 0.25000000000000006, 0.4, 0.0, 0.05, 0.05555555555555555, 0.3333333333333333, 1.0, 0.15625, 0.0, 0.0, 0.2, 0.06666666666666667, 0.25, 1.0, 0.23809523809523808, 0.25, 0.0, 0.35, 0.08333333333333333, 0.7, 1.0, 0.5833333333333334, 0.3, 0.0, 0.14500000000000002, 0.07706709956709958, 0.4953846153846154, 1.0, 0.2769666199813259, 0.26371794871794874, 0.0
0.9, 0.1, 0.0, 0.15, 0.06666666666666667, 0.25, 1.0, 0.22058823529411764, 0.25, 0.0, 0.1, 0.07692307692307693, 0.2, 1.0, 0.16666666666666669, 0.2, 0.0, 0.1, 0.08333333333333333, 0.15384615384615385, 1.0, 0.1388888888888889, 0.15384615384615385, 0.0, 0.05, 0.1, 1.0, 1.0, 0.20833333333333334, 1.0, 0.0, 0.05, 0.06666666666666667, 0.5, 1.0, 0.17857142857142858, 0.5, 0.0, 0.0, 0.09090909090909091, 0.0, 1.0, 0.0, 0.0, 0.0, 0.0, 0.0, 0.0, 0.0, 0.0, 0.0, 0.0, 0.0, 0.0, 0.0, 0.0, 0.0, 0.0, 0.0, 0.1, 0.08333333333333333, 0.125, 1.0, 0.11904761904761904, 0.125, 0.0, 0.05, 0.07692307692307693, 0.1, 1.0, 0.08333333333333334, 0.1, 0.0, 0.06, 0.06447552447552447, 0.2328846153846154, 0.8, 0.11154295051353876, 0.2328846153846154, 0.0
1.0, 0.0, 0.0, 0.15, 0.06666666666666667, 0.25, 1.0, 0.22058823529411764, 0.25, 0.0, 0.1, 0.07692307692307693, 0.2, 1.0, 0.16666666666666669, 0.2, 0.0, 0.1, 0.09090909090909091, 0.15384615384615385, 1.0, 0.1388888888888889, 0.07692307692307693, 0.0, 0.05, 0.125, 1.0, 1.0, 0.20833333333333334, 1.0, 0.0, 0.05, 0.06666666666666667, 0.5, 1.0, 0.17857142857142858, 0.5, 0.0, 0.0, 0.0, 0.0, 0.0, 0.0, 0.0, 0.0, 0.0, 0.0, 0.0, 0.0, 0.0, 0.0, 0.0, 0.0, 0.0, 0.0, 0.0, 0.0, 0.0, 0.0, 0.1, 0.08333333333333333, 0.125, 1.0, 0.11904761904761904, 0.125, 0.0, 0.05, 0.08333333333333333, 0.1, 1.0, 0.08333333333333334, 0.1, 0.0, 0.06, 0.05928321678321678, 0.2328846153846154, 0.7, 0.11154295051353876, 0.2251923076923077, 0.0
